[{"number1":"9765902551","firstname":"Brianna","lastname":"Morrison"},{"number1":"8774353135","firstname":"Harrison","lastname":"Bell"},{"number1":"8554702541","firstname":"Kristie","lastname":"Jones"},{"number1":"9394222991","firstname":"Dodson","lastname":"Wilson"},{"number1":"9915412230","firstname":"Natasha","lastname":"Gardner"},{"number1":"8884693913","firstname":"Thomas","lastname":"Knight"},{"number1":"9804553797","firstname":"Vicky","lastname":"Chapman"},{"number1":"9074572730","firstname":"Fulton","lastname":"Hester"},{"number1":"8164403031","firstname":"Everett","lastname":"Page"},{"number1":"8735603151","firstname":"Jeanette","lastname":"Le"},{"number1":"8304283152","firstname":"Erin","lastname":"Walls"},{"number1":"8225753236","firstname":"Megan","lastname":"Clemons"},{"number1":"8854972820","firstname":"Erna","lastname":"Tate"},{"number1":"8135873767","firstname":"Laurel","lastname":"Hood"},{"number1":"8054193088","firstname":"Mosley","lastname":"Kirby"},{"number1":"9644643044","firstname":"Lillian","lastname":"Hayden"}]